,poster,MovieName,Rating,Director
0,"https://m.media-amazon.com/images/M/MV5BZDI4OTM1ZjMtOWQxMC00OTY5LTg3NjQtMjlhMWVjODFlYTY4XkEyXkFqcGdeQXVyMTYzMTU3Njgx._V1_QL75_UY71_CR3,0,48,71_.jpg",12th Fail,8.9,Vidhu Vinod Chopra
1,"https://m.media-amazon.com/images/M/MV5BYjBhYmQxNTgtNDU2Ni00NGQzLTg5MzQtMDdkY2I3MzA1MTc0XkEyXkFqcGdeQXVyMTA0MTM5NjI2._V1_QL75_UX48_CR0,0,48,71_.jpg",Gol Maal,8.5,Hrishikesh Mukherjee
2,"https://m.media-amazon.com/images/M/MV5BNzEyZTFmZTItYWU2My00ZWZkLTg2NWMtMTEwYmM5YzFmNzFhXkEyXkFqcGdeQXVyMTA0MTM5NjI2._V1_QL75_UX48_CR0,0,48,71_.jpg",Nayakan,8.7,Mani Ratnam
3,"https://m.media-amazon.com/images/M/MV5BOTFlMTIxOGItZTk0Zi00MTk2LWJiM2UtMzlhZWYzNjQ4N2Y3XkEyXkFqcGc@._V1_QL75_UY71_CR3,0,48,71_.jpg",Maharaja,8.6,Nithilan Saminathan
4,"https://m.media-amazon.com/images/M/MV5BN2ZhM2NkZDUtMTI3OC00NWE5LWEwYzMtZTlhMjhkZGFlMjQyXkEyXkFqcGdeQXVyNTgyNTA4MjM@._V1_QL75_UX48_CR0,0,48,71_.jpg",The World of Apu,8.4,Satyajit Ray
5,"https://m.media-amazon.com/images/M/MV5BYjY2NDNhOTItNjAwMi00ZjA0LTkzOGYtNWJkZmZiN2FlODU4XkEyXkFqcGdeQXVyMTEzNzg0Mjkx._V1_QL75_UY71_CR2,0,48,71_.jpg",Anbe Sivam,8.6,Sundar C.
6,"https://m.media-amazon.com/images/M/MV5BMGYyOTdhMWEtMjdkNi00ZWJhLTkwYTUtODI0M2E4NjIzMTkyXkEyXkFqcGdeQXVyMTEzNzg0Mjkx._V1_QL75_UY71_CR1,0,48,71_.jpg",Pariyerum Perumal,8.7,Mari Selvaraj
7,"https://m.media-amazon.com/images/M/MV5BNTkyOGVjMGEtNmQzZi00NzFlLTlhOWQtODYyMDc2ZGJmYzFhXkEyXkFqcGdeQXVyNjU0OTQ0OTY@._V1_QL75_UY71_CR1,0,48,71_.jpg",3 Idiots,8.4,Rajkumar Hirani
8,"https://m.media-amazon.com/images/M/MV5BNWU1ZmNlYTctYmY1My00ZDlmLTk3M2EtZDcxY2E1ZGU0N2YzXkEyXkFqcGdeQXVyMTI1NDAzMzM0._V1_QL75_UY71_CR5,0,48,71_.jpg",#Home,8.8,Rojin Thomas
9,"https://m.media-amazon.com/images/M/MV5BZjQxMmE4NDMtZGVkYi00YmQyLThiNTMtOTVmNDEyZWQ2MzUwXkEyXkFqcGdeQXVyMjkxNzQ1NDI@._V1_QL75_UX48_CR0,0,48,71_.jpg",Manichithrathazhu,8.7,Fazil
10,"https://m.media-amazon.com/images/M/MV5BYWRjMDlmNGYtOGFhYy00ZWU4LTk3MzEtOTI4ZTgxN2Y5NGNkXkEyXkFqcGdeQXVyNzU3Nzk4MDQ@._V1_QL75_UX48_CR0,0,48,71_.jpg",Black Friday,8.4,Anurag Kashyap
11,"https://m.media-amazon.com/images/M/MV5BYjYyZTNkZGYtZGJjZC00NmM2LThjNjMtMjYxYTI0NTg1NzViXkEyXkFqcGdeQXVyMzQ5Njc3NzU@._V1_QL75_UX48_CR0,0,48,71_.jpg",Kumbalangi Nights,8.5,Madhu C. Narayanan
12,"https://m.media-amazon.com/images/M/MV5BNTk2MjUxMjEtZDU5OC00MzYxLTkwMWYtMGM5YWQ0MWMyN2I1XkEyXkFqcGdeQXVyMTE0MzY0NjE1._V1_QL75_UX48_CR0,0,48,71_.jpg",Rocketry: The Nambi Effect,8.7,Madhavan
13,"https://m.media-amazon.com/images/M/MV5BMDhhMjBlMWYtMDVlMy00ZjM3LTg3MTUtZDg0NjA0YzcxOGY4XkEyXkFqcGdeQXVyMTE0MzY0NjE1._V1_QL75_UX48_CR0,0,48,71_.jpg",777 Charlie,8.7,Kiranraj K
14,"https://m.media-amazon.com/images/M/MV5BY2U2YmVjMmUtZjFhNS00YTBhLWFmOGYtYWRiYjBmZDkwMTU1XkEyXkFqcGdeQXVyMTEzNzg0Mjkx._V1_QL75_UX48_CR0,0,48,71_.jpg",Kireedam,8.9,Sibi Malayil
15,"https://m.media-amazon.com/images/M/MV5BYjg2YWM0YzUtODViNS00OWRkLWI0YmItNDdhODUwMjVhYjQ1XkEyXkFqcGdeQXVyMTMxODk2OTU@._V1_QL75_UY71_CR2,0,48,71_.jpg",C/o Kancharapalem,8.8,Venkatesh Maha
16,"https://m.media-amazon.com/images/M/MV5BMDhjZWViN2MtNzgxOS00NmI4LThiZDQtZDI3MzM4MDE4NTc0XkEyXkFqcGdeQXVyMTMxODk2OTU@._V1_QL75_UY71_CR1,0,48,71_.jpg",Like Stars on Earth,8.3,Aamir Khan
17,"https://m.media-amazon.com/images/M/MV5BYmQ2YTFlMjktMGJhMC00ZmQ0LWJkNTQtMzlkODQ0NWUwZGViXkEyXkFqcGdeQXVyMTY1MzAyNjU4._V1_QL75_UY71_CR2,0,48,71_.jpg",Sandesham,9.0,Sathyan Anthikad
18,"https://m.media-amazon.com/images/M/MV5BYTdkOTlkNzctNDE2MS00ZTUyLThhZjUtYTdiZGM4MWU3ZjQzXkEyXkFqcGdeQXVyMTM1Njk1MDUx._V1_QL75_UY71_CR5,0,48,71_.jpg",Laapataa Ladies,8.4,Kiran Rao
19,"https://m.media-amazon.com/images/M/MV5BMTQ4MzQzMzM2Nl5BMl5BanBnXkFtZTgwMTQ1NzU3MDI@._V1_QL75_UY71_CR2,0,48,71_.jpg",Dangal,8.3,Nitesh Tiwari
20,"https://m.media-amazon.com/images/M/MV5BYjc0MWFiYTMtNmYyOS00ODczLWEyMzItNzI4YjY0YjJjZGVjXkEyXkFqcGdeQXVyNzEwNjg3MjE@._V1_QL75_UY71_CR2,0,48,71_.jpg",Jersey,8.5,Gowtam Tinnanuri
21,"https://m.media-amazon.com/images/M/MV5BOGVjYmM0ZWEtNTFjNi00MWZjLTk3OTItMmFjMDAzZWU1ZDVjXkEyXkFqcGdeQXVyMTI2Mzk1ODg0._V1_QL75_UX48_CR0,4,48,71_.jpg",Soorarai Pottru,8.7,Sudha Kongara
22,"https://m.media-amazon.com/images/M/MV5BOGM2YzI4ZjItYjA4Mi00ZDhiLTk1OGEtZmEzN2U3ODNkNTEzXkEyXkFqcGdeQXVyMTEzNzg0Mjkx._V1_QL75_UY71_CR2,0,48,71_.jpg",96,8.5,C. Prem Kumar
23,"https://m.media-amazon.com/images/M/MV5BYjkzZWIyZTctN2U3Ny00MDZlLTkzZTYtMTI2MWI5YTFiZWZkXkEyXkFqcGdeQXVyNTM2NTg3Nzg@._V1_QL75_UY71_CR3,0,48,71_.jpg",Natsamrat,8.8,Mahesh Manjrekar
24,"https://m.media-amazon.com/images/M/MV5BNjI2Y2Q5ZGEtOGUzZS00NjY3LWE0N2UtZGQzNmFlZjFkYjA3XkEyXkFqcGdeQXVyODIwMDI1NjM@._V1_QL75_UY71_CR2,0,48,71_.jpg",Visaaranai,8.4,Vetrimaaran
25,"https://m.media-amazon.com/images/M/MV5BM2RiZDVjYWEtZGNhYy00ZGU0LTgwZjMtZTJmNmMyNGQ5NGYyXkEyXkFqcGdeQXVyNjY1MTg4Mzc@._V1_QL75_UX48_CR0,0,48,71_.jpg",Drishyam 2,8.4,Jeethu Joseph
26,"https://m.media-amazon.com/images/M/MV5BZTVlNGY2YTEtNTlmYy00NzY0LWE1NWUtOGJiNTgxZGM4ZmMzXkEyXkFqcGdeQXVyMTY1MzAyNjU4._V1_QL75_UY71_CR3,0,48,71_.jpg",Kaithi,8.4,Lokesh Kanagaraj
27,"https://m.media-amazon.com/images/M/MV5BMmQwNjExNzctMGE1NC00NGU2LWEwN2ItMzljZmU4ODk5ZGRmXkEyXkFqcGdeQXVyMzA0NTI2OTM@._V1_QL75_UY71_CR1,0,48,71_.jpg",Mayabazar,9.1,Kadiri Venkata Reddy
28,"https://m.media-amazon.com/images/M/MV5BN2IyYTExNmYtMjRhNC00MWFjLTllZDAtODRlZjA0MTgyZDc0XkEyXkFqcGdeQXVyMTY1MzAyNjU4._V1_QL75_UY71_CR3,0,48,71_.jpg",Nadodikkattu,8.8,Sathyan Anthikad
29,"https://m.media-amazon.com/images/M/MV5BN2MxZjkwZjMtZjZhZS00YjRkLWI4M2YtYjQzMmFiYmU3YzBmXkEyXkFqcGdeQXVyODEzOTQwNTY@._V1_QL75_UY71_CR1,0,48,71_.jpg",Thevar Magan,8.7,Bharathan
30,"https://m.media-amazon.com/images/M/MV5BZTgzNTRkYWEtYWJmOC00NjMzLWFlMWEtMWRiNmFlMjBiOTI1XkEyXkFqcGdeQXVyODIwMDI1NjM@._V1_QL75_UY71_CR1,0,48,71_.jpg",Asuran,8.4,Vetrimaaran
31,"https://m.media-amazon.com/images/M/MV5BNzFkM2FhMzQtYjUwZi00N2Y3LWFkZWItMmZmMjQxNGQwZmNhXkEyXkFqcGdeQXVyODEyNjEwMDk@._V1_QL75_UY71_CR5,0,48,71_.jpg",Jai Bhim,8.7,T.J. Gnanavel
32,"https://m.media-amazon.com/images/M/MV5BYzIwZDlkOTEtZjI1Zi00ZGRmLWI2NDEtMjBmM2FjNGMxODEzXkEyXkFqcGdeQXVyMTY1MzAyNjU4._V1_QL75_UY71_CR2,0,48,71_.jpg",Thalapathi,8.5,Mani Ratnam
33,"https://m.media-amazon.com/images/M/MV5BN2RjZDJhYzUtOTQ5Yy00OWM3LWE5OTctM2Y0YWVmNzAzODllXkEyXkFqcGdeQXVyMTA3MDk2NDg2._V1_QL75_UX48_CR0,0,48,71_.jpg",Sita Ramam,8.5,Hanu Raghavapudi
34,"https://m.media-amazon.com/images/M/MV5BYmY3MzYwMGUtOWMxYS00OGVhLWFjNmUtYzlkNGVmY2ZkMjA3XkEyXkFqcGdeQXVyMTExNDQ2MTI@._V1_QL75_UY71_CR3,0,48,71_.jpg",Drishyam,8.3,Jeethu Joseph
35,"https://m.media-amazon.com/images/M/MV5BYjA4MjEzYzAtOGIzMy00MDMxLWE1MDgtNjRhMDM0N2M1OTkzXkEyXkFqcGdeQXVyMTA5NjIyODcx._V1_QL75_UX48_CR0,0,48,71_.jpg",Anniyan,8.3,S. Shankar
36,"https://m.media-amazon.com/images/M/MV5BMDE0Y2NhYjEtNWM3MS00MzFiLTlkODctYmViY2Q4OTczYWI2XkEyXkFqcGdeQXVyNDUzOTQ5MjY@._V1_QL75_UY71_CR3,0,48,71_.jpg",Jaane Bhi Do Yaaro,8.3,Kundan Shah
37,"https://m.media-amazon.com/images/M/MV5BZTg2YWFkOGMtYWExMy00YmFiLTk2YjctNTAzZDk5MjdhMzdlXkEyXkFqcGdeQXVyNjQ2MjQ5NzM@._V1_QL75_UY71_CR1,0,48,71_.jpg",Khosla Ka Ghosla!,8.2,Dibakar Banerjee
38,"https://m.media-amazon.com/images/M/MV5BNmViYWRlZWEtYjFhZi00Njg4LTg4YmYtMTQ2MTFkYmMwNjRmXkEyXkFqcGc@._V1_QL75_UX48_CR0,0,48,71_.jpg",Aparajito,8.2,Satyajit Ray
39,"https://m.media-amazon.com/images/M/MV5BNWVjNGExNjItOWRlZi00Nzk1LWJmZDUtOGQ0NzgyYTBlOTZmXkEyXkFqcGdeQXVyMTEzNzg0Mjkx._V1_QL75_UX48_CR0,2,48,71_.jpg",Sarpatta Parambarai,8.5,Pa. Ranjith
40,"https://m.media-amazon.com/images/M/MV5BYmYxOThiNjAtNTg2ZS00NjlhLTlmZmMtYzM4NTMyY2JjYTQ3XkEyXkFqcGdeQXVyMTcwNDM5OTMy._V1_QL75_UY71_CR5,0,48,71_.jpg",Nuvvu Naaku Nachchav,8.8,Vijay K. Bhaskar
41,"https://m.media-amazon.com/images/M/MV5BZjhkYTU2YTgtM2ZkYS00MzJkLWE2ZjAtZjY5MTI4OWE2YmZjXkEyXkFqcGdeQXVyODIwMDI1NjM@._V1_QL75_UY71_CR2,0,48,71_.jpg",Vada Chennai,8.4,Vetrimaaran
42,"https://m.media-amazon.com/images/M/MV5BYTc0ODgyODMtYTU3OS00NDcxLWI3YmYtZGVjMWQxOGI2ODZiXkEyXkFqcGdeQXVyMTEzNzg0Mjkx._V1_QL75_UY71_CR4,0,48,71_.jpg",Thani Oruvan,8.4,Mohan Raja
43,"https://m.media-amazon.com/images/M/MV5BMmFkNDY5OTktNzY3Yy00OTFlLThhNjktOTRhMmZjZmIxYjAxXkEyXkFqcGdeQXVyNTgyNTA4MjM@._V1_QL75_UX48_CR0,0,48,71_.jpg",Pather Panchali,8.2,Satyajit Ray
44,"https://m.media-amazon.com/images/M/MV5BMTMwMjk3MzA2OF5BMl5BanBnXkFtZTcwNjU2ODgzMQ@@._V1_QL75_UY71_CR1,0,48,71_.jpg",Satya,8.3,Ram Gopal Varma
45,"https://m.media-amazon.com/images/M/MV5BZmY5NjNjYWMtNmJhNi00YTk0LTg0OWUtNDE4OGQ0YmM4NDAwXkEyXkFqcGdeQXVyODE5NzE3OTE@._V1_QL75_UY71_CR3,0,48,71_.jpg",Bangalore Days,8.3,Anjali Menon
46,"https://m.media-amazon.com/images/M/MV5BOTlkOTk1ZTMtY2EzZC00NjJmLWEyNDMtNjhlMDQxMGIzMjk3XkEyXkFqcGdeQXVyODMyODMxNDY@._V1_QL75_UY71_CR2,0,48,71_.jpg",Chupke Chupke,8.3,Hrishikesh Mukherjee
47,"https://m.media-amazon.com/images/M/MV5BMzJhNjMyOGMtYjhiYy00ZTAwLThmZWUtZmE5NzI3OTk4Y2M4XkEyXkFqcGdeQXVyMzQ5Njc3NzU@._V1_QL75_UY71_CR3,0,48,71_.jpg",Premam,8.3,Alphonse Puthren
48,"https://m.media-amazon.com/images/M/MV5BMTM2MmJkZmUtZWQ0Yi00YWZjLWIyNTItNDQ2YzAwNmI4YjlmXkEyXkFqcGdeQXVyODMxNjkyNzQ@._V1_QL75_UX48_CR0,0,48,71_.jpg",Agent Sai Srinivasa Athreya,8.3,Swaroop Rsj
49,"https://m.media-amazon.com/images/M/MV5BNzY5ZTA3YWItMjYxZi00ZWFlLWEwN2ItZDBhMTFjNjYzNGM4XkEyXkFqcGdeQXVyMTEzNzg0Mjkx._V1_QL75_UY71_CR2,0,48,71_.jpg",Devasuram,8.7,I.V. Sasi
50,"https://m.media-amazon.com/images/M/MV5BYmJhZmJlYTItZmZlNy00MGY0LTg0ZGMtNWFkYWU5NTA1YTNhXkEyXkFqcGdeQXVyODE5NzE3OTE@._V1_QL75_UY71_CR1,0,48,71_.jpg",Drishyam,8.2,Nishikant Kamat
51,"https://m.media-amazon.com/images/M/MV5BMTc5NjY4MjUwNF5BMl5BanBnXkFtZTgwODM3NzM5MzE@._V1_QL75_UX48_CR0,0,48,71_.jpg",Gangs of Wasseypur,8.2,Anurag Kashyap
52,"https://m.media-amazon.com/images/M/MV5BMjU2NzIzMjYtMGE2ZS00YzgzLWE5MzgtZTFiYTlmOWNlYmJkXkEyXkFqcGdeQXVyODIwMDI1NjM@._V1_QL75_UY71_CR2,0,48,71_.jpg",Raatchasan,8.3,Ram Kumar
53,"https://m.media-amazon.com/images/M/MV5BMTY1Nzg4MjcwN15BMl5BanBnXkFtZTcwOTc1NTk1OQ@@._V1_QL75_UY71_CR1,0,48,71_.jpg",Bhaag Milkha Bhaag,8.2,Rakeysh Omprakash Mehra
54,"https://m.media-amazon.com/images/M/MV5BOTM4ZjhiNGItMzE2My00YjM0LWE5ZTEtYTA5NDMzZDJlOWQ3XkEyXkFqcGdeQXVyODMyODMxNDY@._V1_QL75_UY71_CR1,0,48,71_.jpg",Guide,8.3,Vijay Anand
55,"https://m.media-amazon.com/images/M/MV5BZGFhNTYwZmMtNzk4Ny00MTExLThjMWUtNjYzMTEwZjEzMWQ3XkEyXkFqcGdeQXVyMTI1NDEyNTM5._V1_QL75_UY71_CR5,0,48,71_.jpg",Sardar Udham,8.4,Shoojit Sircar
56,"https://m.media-amazon.com/images/M/MV5BMmNkN2ZkODgtZTU1Zi00MDg3LWE1MGQtM2ZmY2Y3ODcwZmE5XkEyXkFqcGdeQXVyNTgxODY5ODI@._V1_QL75_UX48_CR0,2,48,71_.jpg",Mahanati,8.4,Nag Ashwin
57,"https://m.media-amazon.com/images/M/MV5BYWQ3NzA5MTQtYTBmYy00N2FkLTgzY2YtNGFkY2FjZTI4Njc3XkEyXkFqcGdeQXVyMTEzNzg0Mjkx._V1_QL75_UY71_CR1,0,48,71_.jpg",Peranbu,8.7,Ram
58,"https://m.media-amazon.com/images/M/MV5BNGE3OGUxMTctMDdhOC00OTFjLWIxYjQtNTJjYjNhMmM4ZTEyXkEyXkFqcGdeQXVyMTY1MzAyNjU4._V1_QL75_UY71_CR1,0,48,71_.jpg",Chithram,8.6,Priyadarshan
59,"https://m.media-amazon.com/images/M/MV5BZGFmMjM5OWMtZTRiNC00ODhlLThlYTItYTcyZDMyYmMyYjFjXkEyXkFqcGdeQXVyNDUzOTQ5MjY@._V1_QL75_UY71_CR1,0,48,71_.jpg",Zindagi Na Milegi Dobara,8.2,Zoya Akhtar
60,"https://m.media-amazon.com/images/M/MV5BYmUxMjBhMWUtMjQwNS00YzYxLTlmMDAtMzk5ZWQ0ZDJmYjBiXkEyXkFqcGdeQXVyMTEzNzg0Mjkx._V1_QL75_UX48_CR0,2,48,71_.jpg",Iruvar,8.4,Mani Ratnam
61,"https://m.media-amazon.com/images/M/MV5BZWZhMjhhZmYtOTIzOC00MGYzLWI1OGYtM2ZkN2IxNTI4ZWI3XkEyXkFqcGdeQXVyNDAzNDk0MTQ@._V1_QL75_UY71_CR1,0,48,71_.jpg",Andhadhun,8.2,Sriram Raghavan
62,"https://m.media-amazon.com/images/M/MV5BYjNkNDEzNDctYTk0Mi00NzNlLWEyZGItMmYzMGE4MzcyYzU3XkEyXkFqcGdeQXVyMTEzNzg0Mjkx._V1_QL75_UY71_CR6,0,48,71_.jpg",Super Deluxe,8.2,Thiagarajan Kumararaja
63,"https://m.media-amazon.com/images/M/MV5BODgxYjY0NGEtZjM1MS00YTAwLThkN2QtOTBkMWJhMmI5ZWY1XkEyXkFqcGdeQXVyMTY1MzAyNjU4._V1_QL75_UY71_CR2,0,48,71_.jpg",Mudhalvan,8.4,S. Shankar
64,"https://m.media-amazon.com/images/M/MV5BMTYyMDE1NjQ1Nl5BMl5BanBnXkFtZTgwMDAyMTUzMDE@._V1_QL75_UY71_CR3,0,48,71_.jpg",Shahid,8.2,Hansal Mehta
65,"https://m.media-amazon.com/images/M/MV5BYWRkNTRiYmMtNzM5Yi00OGNmLWE2YWItMTUwNDVmYzg0ZWUyXkEyXkFqcGdeQXVyODIwMDI1NjM@._V1_QL75_UY71_CR2,0,48,71_.jpg",Kannathil Muthamittal,8.3,Mani Ratnam
66,"https://m.media-amazon.com/images/M/MV5BNDExMTBlZTYtZWMzYi00NmEwLWEzZGYtOTA1MDhmNTc0ODZkXkEyXkFqcGdeQXVyODE5NzE3OTE@._V1_QL75_UX48_CR0,0,48,71_.jpg",Hera Pheri,8.2,Priyadarshan
67,"https://m.media-amazon.com/images/M/MV5BYjkzODdhZjUtMjY0YS00ODA3LTkxMDUtM2JlYTQyMWE1NTMzXkEyXkFqcGdeQXVyMzg1ODEwNQ@@._V1_QL75_UY71_CR2,0,48,71_.jpg",Thirst,8.3,Guru Dutt
68,"https://m.media-amazon.com/images/M/MV5BMzQ4MTBlYTQtMzJkYS00OGNjLTk1MWYtNzQ0OTQ0OWEyOWU1XkEyXkFqcGdeQXVyNDgyODgxNjE@._V1_QL75_UY71_CR1,0,48,71_.jpg",Munna Bhai M.B.B.S.,8.1,Rajkumar Hirani
69,"https://m.media-amazon.com/images/M/MV5BMjBjNWYyY2UtOGNjZC00MTg4LWIwYWItYmZiNDI5MGUwNWRkXkEyXkFqcGdeQXVyNjI1NjA5NjE@._V1_QL75_UX48_CR0,0,48,71_.jpg",Sairat,8.3,Nagraj Manjule
70,"https://m.media-amazon.com/images/M/MV5BODY2NGYxZTEtMzBiOS00Zjg2LWEyZjYtNjQ5Mjg1MzQ5N2FlXkEyXkFqcGdeQXVyNTE0MDc0NTM@._V1_QL75_UY71_CR1,0,48,71_.jpg",Swades,8.2,Ashutosh Gowariker
71,"https://m.media-amazon.com/images/M/MV5BY2Q5YmU0ODEtN2JhNy00ZjZhLWFhN2MtM2Q0ZGUwYzJjZmUyXkEyXkFqcGdeQXVyMjkxNzQ1NDI@._V1_QL75_UY71_CR5,0,48,71_.jpg",Spadikam,8.6,Bhadran
72,"https://m.media-amazon.com/images/M/MV5BYjg2ZDI2YTYtN2EwYi00YWI5LTgyMWQtMWFkYmE3NmJkOGVhXkEyXkFqcGdeQXVyODE5NzE3OTE@._V1_QL75_UY71_CR1,0,48,71_.jpg",Chhichhore,8.3,Nitesh Tiwari
73,"https://m.media-amazon.com/images/M/MV5BYmQxNmU4ZjgtYzE5Mi00ZDlhLTlhOTctMzJkNjk2ZGUyZGEwXkEyXkFqcGdeQXVyMzgxMDA0Nzk@._V1_QL75_UY71_CR1,0,48,71_.jpg",Tumbbad,8.2,Rahi Anil Barve
74,"https://m.media-amazon.com/images/M/MV5BZjAzYzIwYzAtNmRiMC00ZmQ3LTgwMzAtODVhMDk3NTBmNWE4XkEyXkFqcGdeQXVyMTEzNzg0Mjkx._V1_QL75_UY71_CR5,0,48,71_.jpg",Papanasam,8.4,Jeethu Joseph
75,"https://m.media-amazon.com/images/M/MV5BY2FiMTFmMzMtZDI2ZC00NDQyLWExYTUtOWNmZWM1ZDg5YjVjXkEyXkFqcGdeQXVyODIwMDI1NjM@._V1_QL75_UX48_CR0,0,48,71_.jpg",Vikram Vedha,8.2,Gayatri
76,"https://m.media-amazon.com/images/M/MV5BMTQwZjRiMjUtYmU0OS00Y2EwLWJhZTctOWI1ZGU2NWExM2FkXkEyXkFqcGdeQXVyMTY3ODkyNDkz._V1_QL75_UX48_CR0,0,48,71_.jpg",Manjummel Boys,8.3,Chidambaram
77,"https://m.media-amazon.com/images/M/MV5BNTgwODM5OTMzN15BMl5BanBnXkFtZTcwMTA3NzI1Nw@@._V1_QL75_UY71_CR1,0,48,71_.jpg",Paan Singh Tomar,8.2,Tigmanshu Dhulia
78,"https://m.media-amazon.com/images/M/MV5BOGY4NzU0ZGYtMmZmZS00MTFiLTkxMDAtMjc4NGU5MmVkZTkwXkEyXkFqcGdeQXVyMTEzNzg0Mjkx._V1_QL75_UX48_CR0,4,48,71_.jpg",Mandela,8.4,Madonne Ashwin
79,"https://m.media-amazon.com/images/M/MV5BMTRkMTFhMzMtOWViMi00NzBhLTg2Y2QtMjBkMDQxNzRiZWI5XkEyXkFqcGc@._V1_QL75_UY71_CR1,0,48,71_.jpg",Jo Jeeta Wohi Sikandar,8.1,Mansoor Khan
80,"https://m.media-amazon.com/images/M/MV5BMTUzODMyNzk4NV5BMl5BanBnXkFtZTgwNTk1NTYyNTM@._V1_QL75_UY71_CR3,0,48,71_.jpg",Chak De! India,8.1,Shimit Amin
81,"https://m.media-amazon.com/images/M/MV5BNTI5MmE5M2UtZjIzYS00M2JjLWIwNDItYTY2ZWNiODBmYTBiXkEyXkFqcGdeQXVyNjQ2MjQ5NzM@._V1_QL75_UY71_CR1,0,48,71_.jpg",Black,8.1,Sanjay Leela Bhansali
82,"https://m.media-amazon.com/images/M/MV5BZDM5N2FlNTctNTY3MS00OWNjLWFmOTAtYjJkMjU5NWIyNDVmXkEyXkFqcGdeQXVyMTA3MzQ4MTc0._V1_QL75_UY71_CR3,0,48,71_.jpg",Aruvi,8.4,Arun Prabhu Purushothaman
83,"https://m.media-amazon.com/images/M/MV5BNDJiZGIyYjMtYjZkMy00NzE5LTljMDAtNjc3YmNlNjM3MDIzXkEyXkFqcGdeQXVyOTk3NTc2MzE@._V1_QL75_UX48_CR0,2,48,71_.jpg",Aaranya Kaandam,8.5,Thiagarajan Kumararaja
84,"https://m.media-amazon.com/images/M/MV5BMTYzOTE2NjkxN15BMl5BanBnXkFtZTgwMDgzMTg0MzE@._V1_QL75_UY71_CR1,0,48,71_.jpg",PK,8.1,Rajkumar Hirani
85,"https://m.media-amazon.com/images/M/MV5BZDM2YjQzODEtNjQ0Ny00ZGRjLWE0NDgtMmI4OGM2ODc0NjEyXkEyXkFqcGdeQXVyMTA5NjIyODcx._V1_QL75_UX48_CR0,0,48,71_.jpg",Pudhu Pettai,8.4,K. Selvaraghavan
86,"https://m.media-amazon.com/images/M/MV5BNDYxNWUzZmYtOGQxMC00MTdkLTkxOTctYzkyOGIwNWQxZjhmXkEyXkFqcGdeQXVyNjU0OTQ0OTY@._V1_QL75_UX48_CR0,0,48,71_.jpg",Lagaan: Once Upon a Time in India,8.1,Ashutosh Gowariker
87,"https://m.media-amazon.com/images/M/MV5BMzU0MjM3YTQtZmNjYi00ODI5LThhYzQtOWMwZjAxMjg2MTRjXkEyXkFqcGdeQXVyMjkxNzQ1NDI@._V1_QL75_UY71_CR1,0,48,71_.jpg",Jana Gana Mana,8.3,Dijo Jose Antony
88,"https://m.media-amazon.com/images/M/MV5BMDRiOWNjYjUtMDI0ZC00MDMyLTkwZDItNTU5NWQ1NjEyNGYxXkEyXkFqcGdeQXVyMTIyNzY0NTMx._V1_QL75_UX48_CR0,7,48,71_.jpg",Vikram,8.3,Lokesh Kanagaraj
89,"https://m.media-amazon.com/images/M/MV5BNDQwMWE0ZDItOTBjOC00MzJhLWIwNWYtYzU4ODJkMjA3MTI2XkEyXkFqcGdeQXVyMTcyNDY1NDgw._V1_QL75_UY71_CR1,0,48,71_.jpg",Sarfarosh,8.1,John Mathew Matthan
90,"https://m.media-amazon.com/images/M/MV5BM2ViNmE5MGYtMTRiMS00YmU2LWIwYzItZWQzZTU5YjdhZmJjXkEyXkFqcGdeQXVyODIwMDI1NjM@._V1_QL75_UX48_CR0,2,48,71_.jpg",Jigarthanda,8.2,Karthik Subbaraj
91,"https://m.media-amazon.com/images/M/MV5BMTYzODg0Mjc4M15BMl5BanBnXkFtZTgwNzY4Mzc3NjE@._V1_QL75_UY71_CR2,0,48,71_.jpg",Talvar,8.1,Meghna Gulzar
92,"https://m.media-amazon.com/images/M/MV5BYjBmZWQ5N2ItMjA2YS00OWZlLWExZGQtYjVlMjk3M2M2MDcxXkEyXkFqcGdeQXVyMzg1ODEwNQ@@._V1_QL75_UY71_CR2,0,48,71_.jpg",Angoor,8.3,Gulzar
93,"https://m.media-amazon.com/images/M/MV5BYmY2ZDUxNzUtYWZlYy00MThhLWI5NjktZDhjZTU3MDY5YTM3XkEyXkFqcGdeQXVyNTYxMDgzODI@._V1_QL75_UY71_CR5,0,48,71_.jpg",Drishyam 2,8.2,Abhishek Pathak
94,"https://m.media-amazon.com/images/M/MV5BM2YzNTM5NjgtZGNhMi00MjI5LWE3ZjgtOTYyODRkZWIyMGNhXkEyXkFqcGdeQXVyODIwMDI1NjM@._V1_QL75_UY71_CR1,0,48,71_.jpg",The Crow's Egg,8.3,M. Manikandan
95,"https://m.media-amazon.com/images/M/MV5BOWQ0YTUzYzItYjI0MC00OTZmLWE1MWQtY2EzMzU2MTlmMmJjXkEyXkFqcGdeQXVyMDkwNTkwNg@@._V1_QL75_UY71_CR3,0,48,71_.jpg",Sholay,8.1,Ramesh Sippy
96,"https://m.media-amazon.com/images/M/MV5BZjgyOTg3ZDQtYjNiOC00OTVlLTg3MWYtM2ViMjM5YTI3ZmQ5XkEyXkFqcGdeQXVyMTEzNzg0Mjkx._V1_QL75_UY71_CR1,0,48,71_.jpg",Soodhu Kavvum,8.3,Nalan Kumarasamy
97,"https://m.media-amazon.com/images/M/MV5BMTQzMTEyODY2Ml5BMl5BanBnXkFtZTgwMjA0MDUyMjE@._V1_QL75_UY71_CR1,0,48,71_.jpg",Barfi!,8.1,Anurag Basu
98,"https://m.media-amazon.com/images/M/MV5BMWU4ZjNlNTQtOGE2MS00NDI0LWFlYjMtMmY3ZWVkMjJkNGRmXkEyXkFqcGdeQXVyNjE1OTQ0NjA@._V1_QL75_UY71_CR1,0,48,71_.jpg",Uri: The Surgical Strike,8.2,Aditya Dhar
99,"https://m.media-amazon.com/images/M/MV5BMTEzZDFlZWMtZDUzZS00M2EyLWIyNjQtM2RmMjU0MzNjYjIzXkEyXkFqcGdeQXVyMTEzNzg0Mjkx._V1_QL75_UX48_CR0,0,48,71_.jpg",Virumandi,8.4,Kamal Haasan
100,"https://m.media-amazon.com/images/M/MV5BNzgxMzExMzUwNV5BMl5BanBnXkFtZTcwMDc2MjUwNA@@._V1_QL75_UY71_CR1,0,48,71_.jpg",Udaan,8.1,Vikramaditya Motwane
101,"https://m.media-amazon.com/images/M/MV5BODdhOWU3YjItM2JjYi00ODFkLWJjODgtNTU4ZWM0MTVlZGI3XkEyXkFqcGdeQXVyMTEzNzg0Mjkx._V1_QL75_UY71_CR1,0,48,71_.jpg",The Legend of Bhagat Singh,8.1,Rajkumar Santoshi
102,"https://m.media-amazon.com/images/M/MV5BN2Y3ZTE4MzAtZTk3Zi00ZjJjLWJkMDgtOTRkZGRiYmU4YjA0XkEyXkFqcGdeQXVyODIwMDI1NjM@._V1_QL75_UX48_CR0,0,48,71_.jpg",Dhuruvangal Pathinaaru,8.2,Karthick Naren
103,"https://m.media-amazon.com/images/M/MV5BZTI2NTFiMDMtZjQxNS00YjBkLWFhNWMtOTIyMzE5Yjc0ZTZiXkEyXkFqcGdeQXVyODE5NzE3OTE@._V1_QL75_UY71_CR1,0,48,71_.jpg",Article 15,8.1,Anubhav Sinha
104,"https://m.media-amazon.com/images/M/MV5BYTg1MjE2YTQtMmE3ZC00NGQ2LWJiMWYtZmIxNTYzZjJmYTkwXkEyXkFqcGdeQXVyODMyODMxNDY@._V1_QL75_UY71_CR1,0,48,71_.jpg",OMG: Oh My God!,8.1,Umesh Shukla
105,"https://m.media-amazon.com/images/M/MV5BY2VkNjRlZTQtZWYyMy00ZWE2LTgyYzEtOGRiMzVhZTY0NTRlXkEyXkFqcGdeQXVyMjkxNzQ1NDI@._V1_QL75_UY71_CR3,0,48,71_.jpg",Maheshinte Prathikaaram,8.3,Dileesh Pothan
106,"https://m.media-amazon.com/images/M/MV5BZWFhZjBjY2ItMmZmMC00N2RjLTg2ZjktNDUwNmYwNmVjMDA5XkEyXkFqcGdeQXVyMjkxNzQ1NDI@._V1_QL75_UY71_CR1,0,48,71_.jpg",2018,8.3,Jude Anthany Joseph
107,"https://m.media-amazon.com/images/M/MV5BMjA3NjkzNjg2MF5BMl5BanBnXkFtZTgwMDkyMzgzMDI@._V1_QL75_UY71_CR0,0,48,71_.jpg",Lion,8.0,Garth Davis
108,"https://m.media-amazon.com/images/M/MV5BNTAxOTBlZWMtMDdmMi00ZWE2LWI3YTUtNDM4OGM2NDkzMDU5XkEyXkFqcGdeQXVyMTEzNzg0Mjkx._V1_QL75_UY71_CR2,0,48,71_.jpg",Theeran Adhigaram Ondru,8.2,H. Vinoth
109,"https://m.media-amazon.com/images/M/MV5BNWYzYjk3YzItNzBhMC00NmQwLTk0MmUtNzU5MWNmNDI2Mzg0XkEyXkFqcGdeQXVyODE0NjUxNzY@._V1_QL75_UY71_CR3,0,48,71_.jpg",Ustad Hotel,8.2,Anwar Rasheed
110,"https://m.media-amazon.com/images/M/MV5BNWYyOWRlOWItZWM5MS00ZjJkLWI0MTUtYTE3NTI5MDAwYjgyXkEyXkFqcGdeQXVyODE5NzE3OTE@._V1_QL75_UY71_CR1,0,48,71_.jpg",Queen,8.1,Vikas Bahl
111,"https://m.media-amazon.com/images/M/MV5BMTQ1NDI0NzkyOF5BMl5BanBnXkFtZTcwNzAyNzE2Nw@@._V1_QL75_UY71_CR1,0,48,71_.jpg",Kahaani,8.1,Sujoy Ghosh
112,"https://m.media-amazon.com/images/M/MV5BMTU4NTE0NTMyNl5BMl5BanBnXkFtZTgwNjI5MDkxNjE@._V1_QL75_UX48_CR0,0,48,71_.jpg",Masaan,8.1,Neeraj Ghaywan
113,"https://m.media-amazon.com/images/M/MV5BMjI3ZDJiZjEtYjUzOS00YzZlLWJkZjctMDU4YzNhNjJhMzI4XkEyXkFqcGdeQXVyOTA0NTIzNzU@._V1_QL75_UY71_CR3,0,48,71_.jpg",Baasha,8.3,Suresh Krishna
114,"https://m.media-amazon.com/images/M/MV5BN2ZmMDMwODgtMzA5MS00MGU0LWEyYTgtYzQ5MmQzMzU2NTVkXkEyXkFqcGdeQXVyODE5NzE3OTE@._V1_QL75_UY71_CR1,0,48,71_.jpg",Lage Raho Munna Bhai,8.0,Rajkumar Hirani
115,"https://m.media-amazon.com/images/M/MV5BODA2YTgyMDItNzFjNi00Y2IzLTlhZTgtOGMzZjgzNDUxNzQxXkEyXkFqcGdeQXVyODE0NjUxNzY@._V1_QL75_UY71_CR2,0,48,71_.jpg",Pithamagan,8.3,Bala
116,"https://m.media-amazon.com/images/M/MV5BYmIzZDQ0ZWItZGJjNC00YTllLWIzYjktM2U3ZThmNDFmMDNkXkEyXkFqcGdeQXVyODE5NzE3OTE@._V1_QL75_UY71_CR1,0,48,71_.jpg",Iqbal,8.1,Nagesh Kukunoor
117,"https://m.media-amazon.com/images/M/MV5BYThmZDA0YmQtMWJhNy00MDQwLTk0Y2YtMDhmZTE5ZjhlNjliXkEyXkFqcGdeQXVyODE5NzE3OTE@._V1_QL75_UY71_CR1,0,48,71_.jpg",Rang De Basanti,8.1,Rakeysh Omprakash Mehra
118,"https://m.media-amazon.com/images/M/MV5BMjRjMTYwMTYtMmRkNi00MmVkLWE0MjQtNmM3YjI0NWFhZDNmXkEyXkFqcGdeQXVyODE5NzE3OTE@._V1_QL75_UX48_CR0,0,48,71_.jpg",Dil Chahta Hai,8.1,Farhan Akhtar
119,"https://m.media-amazon.com/images/M/MV5BYTM3ZDg0ODItMTQxNy00NDRmLWJlOTMtZTZhNThmOTRiY2YyXkEyXkFqcGdeQXVyODE5NzE3OTE@._V1_QL75_UY71_CR1,0,48,71_.jpg",Nil Battey Sannata,8.2,Ashwiny Iyer Tiwari
120,"https://m.media-amazon.com/images/M/MV5BY2Y2OTM0NDMtODQyYy00M2IwLTliOGEtODNhNTM5NDM4NWE0XkEyXkFqcGdeQXVyNTgyNTA4MjM@._V1_QL75_UX48_CR0,0,48,71_.jpg",Charulata,8.1,Satyajit Ray
121,"https://m.media-amazon.com/images/M/MV5BOTcwMzdiMWItMjZlOS00MzAzLTg5OTItNTA4OGYyMjBhMmRiXkEyXkFqcGdeQXVyODE5NzE3OTE@._V1_QL75_UY71_CR1,0,48,71_.jpg",A Wednesday,8.1,Neeraj Pandey
122,"https://m.media-amazon.com/images/M/MV5BMmY0YzM0NmEtMzVhNi00YWE2LWFiNmItYjllYmFiZTRkMDkxXkEyXkFqcGdeQXVyNjE1OTQ0NjA@._V1_QL75_UX48_CR0,0,48,71_.jpg",Baahubali 2: The Conclusion,8.2,S.S. Rajamouli
123,"https://m.media-amazon.com/images/M/MV5BMGE3Yjg3NzItNjlmOS00YjY2LThiMDctMzM0NDA2NmExYTg4XkEyXkFqcGdeQXVyMTQ3ODQ3NTcz._V1_QL75_UY71_CR1,0,48,71_.jpg",Bajrangi Bhaijaan,8.1,Kabir Khan
124,"https://m.media-amazon.com/images/M/MV5BY2IyY2VmZGMtNzRhMy00YzhmLThmYzItMTQyNTM3NDZlZjYzXkEyXkFqcGdeQXVyMTEzNzg0Mjkx._V1_QL75_UX48_CR0,2,48,71_.jpg",Alai Payuthey,8.3,Mani Ratnam
125,"https://m.media-amazon.com/images/M/MV5BMTBlZTk1YTMtZTQ2Ni00YzhkLWJiNDEtNWI2NjE0M2I4ZmYzXkEyXkFqcGdeQXVyNjc5Mjg4Nzc@._V1_QL75_UX48_CR0,0,48,71_.jpg",Roja,8.1,Mani Ratnam
126,"https://m.media-amazon.com/images/M/MV5BNGI1MTI1YTQtY2QwYi00YzUzLTg3NWYtNzExZDlhOTZmZWU0XkEyXkFqcGdeQXVyMDkwNTkwNg@@._V1_QL75_UY71_CR3,0,48,71_.jpg",Pink,8.1,Aniruddha Roy Chowdhury
127,"https://m.media-amazon.com/images/M/MV5BMGE5YzNlMDAtZjMxYS00NDkyLTk3YWMtY2Y3ODJjOTJkM2MyXkEyXkFqcGdeQXVyMTEzNzg0Mjkx._V1_QL75_UY71_CR1,0,48,71_.jpg",Bommarillu,8.2,Bommarillu Baskar
128,"https://m.media-amazon.com/images/M/MV5BMzI4MjcxNGMtZmY1Zi00ZGU5LTk4MDMtNTljMDJmYTNjZjcxXkEyXkFqcGdeQXVyMTA0MTM5NjI2._V1_QL75_UX48_CR0,0,48,71_.jpg",Anand,8.1,Hrishikesh Mukherjee
129,"https://m.media-amazon.com/images/M/MV5BY2NmNjlhYzQtMWU5MS00YTVmLWIyOWEtOGFmY2ZjMjY2ZGRkXkEyXkFqcGdeQXVyMTMxMTY0OTQ@._V1_QL75_UX48_CR0,0,48,71_.jpg",Omkara,8.0,Vishal Bhardwaj
130,"https://m.media-amazon.com/images/M/MV5BYTczNDcyNzctZGVjYS00NGNmLWFkYzAtNWVjNTk3NjM3MzhjXkEyXkFqcGdeQXVyODEzOTQwNTY@._V1_QL75_UX48_CR0,3,48,71_.jpg",Bombay,8.1,Mani Ratnam
131,"https://m.media-amazon.com/images/M/MV5BODNjOGNjZGMtYzUwYS00NTM1LTk1MTEtZjlhOTY2MTBhNDkxXkEyXkFqcGdeQXVyMjQwMDg0Ng@@._V1_QL75_UY71_CR0,0,48,71_.jpg",A Northern Story of Valor,8.7,T. Hariharan
132,"https://m.media-amazon.com/images/M/MV5BMTQwNDBlODYtNGIyYS00ZmMwLTk5NDUtNDEwNmFiZjY0ZDUxXkEyXkFqcGdeQXVyODg4OTQ4NDM@._V1_QL75_UY71_CR1,0,48,71_.jpg",Section 375,8.1,Ajay Bahl
133,"https://m.media-amazon.com/images/M/MV5BYzY5MWZkMzMtYTIxNS00ZmYxLWFkNjMtNTNlMTM2ZmU2YThlXkEyXkFqcGdeQXVyODE5NzE3OTE@._V1_QL75_UX48_CR0,2,48,71_.jpg",Kaun Pravin Tambe?,8.3,Jayprad Desai
134,"https://m.media-amazon.com/images/M/MV5BZTljMzVhNzgtMGMzNi00MmUwLTgzYmQtOWIzY2VjMGRkMjM4XkEyXkFqcGdeQXVyMTEzNzg0Mjkx._V1_QL75_UY71_CR3,0,48,71_.jpg",Indian,8.1,S. Shankar
135,"https://m.media-amazon.com/images/M/MV5BMjZhY2M5YjAtNDQ4NS00MDExLTlhMjctMmZmZmVkMTI3MjA4XkEyXkFqcGdeQXVyMTIyNzY0NTMx._V1_QL75_UX48_CR0,7,48,71_.jpg",Viduthalai: Part 1,8.3,Vetrimaaran
136,"https://m.media-amazon.com/images/M/MV5BYjM3ZWNhY2YtOGQ0ZS00ZmM3LTkwM2EtMDM4ZDdkZmIwYmI0XkEyXkFqcGdeQXVyMTEzNzg0Mjkx._V1_QL75_UX48_CR0,2,48,71_.jpg",Padaiyappa,8.2,K.S. Ravikumar
137,"https://m.media-amazon.com/images/M/MV5BMTQyMDA5ODkzN15BMl5BanBnXkFtZTgwMjIzMDkyMDE@._V1_QL75_UY71_CR1,0,48,71_.jpg",Lucia,8.3,Pawan Kumar
138,"https://m.media-amazon.com/images/M/MV5BMmM2YWQ3MzctOTk1NS00NThhLWExY2MtYjQzZGRmZTFiYWY3XkEyXkFqcGdeQXVyMjUxMTY3ODM@._V1_QL75_UY71_CR2,0,48,71_.jpg",Mughal-E-Azam,8.1,K. Asif
139,"https://m.media-amazon.com/images/M/MV5BMDQ2ZmE2NTMtZDE3NC00YzFjLWJhNmEtMDEzMTI5ZjU2ZGM0XkEyXkFqcGdeQXVyNTkzNDQ4ODc@._V1_QL75_UY71_CR3,0,48,71_.jpg",Dilwale Dulhania Le Jayenge,8.0,Aditya Chopra
140,"https://m.media-amazon.com/images/M/MV5BMTE2NjYzOWUtMDgyZS00NGY3LTk5ZDctODMxNGYyNjUyODIwXkEyXkFqcGdeQXVyODE5NzE3OTE@._V1_QL75_UY71_CR2,0,48,71_.jpg",Maqbool,8.0,Vishal Bhardwaj
141,"https://m.media-amazon.com/images/M/MV5BNTgzMzQ3NTktZWU0NC00ZTUzLWEzZTQtZThhMDgyZjkwYTlhXkEyXkFqcGdeQXVyMjkxNzQ1NDI@._V1_QL75_UY71_CR5,0,48,71_.jpg",The Great Indian Kitchen,8.1,Jeo Baby
142,"https://m.media-amazon.com/images/M/MV5BOWQwZDAwZTUtNzU4NS00YzMyLTlhNDQtMjllZjY1MzJlMTMzXkEyXkFqcGdeQXVyMTEzNzg0Mjkx._V1_QL75_UY71_CR3,0,48,71_.jpg",Thadam,8.1,Magizh Thirumeni
143,"https://m.media-amazon.com/images/M/MV5BMTQ1NDI5MjMzNF5BMl5BanBnXkFtZTcwMTc0MDQwOQ@@._V1_QL75_UY71_CR1,0,48,71_.jpg",Special 26,8.0,Neeraj Pandey
144,"https://m.media-amazon.com/images/M/MV5BZTViZTUxNzQtNzMxMi00NWY2LTkxZDctNGE5NzcxN2M5M2M2XkEyXkFqcGdeQXVyMTEzNzg0Mjkx._V1_QL75_UY71_CR9,0,48,71_.jpg",Vaaranam Aayiram,8.2,Gautham Vasudev Menon
145,"https://m.media-amazon.com/images/M/MV5BMWZkMjE2OTktOGQ4Zi00OWQ1LTgwNjAtZTFjOGExYWQyMTU5XkEyXkFqcGdeQXVyMTQ3Mzk2MDg4._V1_QL75_UY71_CR2,0,48,71_.jpg",Chithha,8.2,S.U. Arun Kumar
146,"https://m.media-amazon.com/images/M/MV5BYTMxYjEwYjctMjg4Ni00N2UyLThkNDEtNTY4ODExNmIzYjE5XkEyXkFqcGdeQXVyODE5NzE3OTE@._V1_QL75_UY71_CR1,0,48,71_.jpg",Gulaal,8.0,Anurag Kashyap
147,"https://m.media-amazon.com/images/M/MV5BMjk1NzcwMDUtNDU4ZC00MzlhLTkzZjAtM2MxMTRjZGE0ODdhXkEyXkFqcGdeQXVyODE5NzE3OTE@._V1_QL75_UY71_CR3,0,48,71_.jpg",Shershaah,8.3,Vishnuvardhan
148,"https://m.media-amazon.com/images/M/MV5BMjA1NTEwMDMxMF5BMl5BanBnXkFtZTgwODkzMzI0MjE@._V1_QL75_UY71_CR1,0,48,71_.jpg",Haider,8.0,Vishal Bhardwaj
149,"https://m.media-amazon.com/images/M/MV5BN2M0ODhlNzAtYTNjMy00MjE0LWI3YjEtYTRmMjAwNmFlOTNlXkEyXkFqcGdeQXVyNjY1MTg4Mzc@._V1_QL75_UY71_CR1,0,48,71_.jpg",Pelli Choopulu,8.2,Tharun Bhascker Dhaassyam
150,"https://m.media-amazon.com/images/M/MV5BMjQ1MjFkN2EtOTU4NS00NDkzLThhNzItODkzYWNjZDMxZjE0XkEyXkFqcGdeQXVyNTgxODY5ODI@._V1_QL75_UY71_CR1,0,48,71_.jpg",Rangasthalam,8.2,Sukumar
151,"https://m.media-amazon.com/images/M/MV5BNGVkODBlYmUtNTMzYi00MjEwLWI3YWUtODNlNjhkMTg4OWJiXkEyXkFqcGdeQXVyNTgyNTA4MjM@._V1_QL75_UX48_CR0,0,48,71_.jpg",Andaz Apna Apna,8.0,Rajkumar Santoshi
152,"https://m.media-amazon.com/images/M/MV5BMjZkNTdhOTMtYzg0Yy00YjA4LTljOTQtZWRkNTZkMTY3Y2Y3XkEyXkFqcGdeQXVyMTUzNTgzNzM0._V1_QL75_UX48_CR0,0,48,71_.jpg",Hi Nanna,8.2,Shouryuv
153,"https://m.media-amazon.com/images/M/MV5BYmY3MDFjMWQtNWJkMC00NWIyLTkxZWYtNmNhZjUxOGJmNTJlXkEyXkFqcGdeQXVyMTYyNjAzOTUx._V1_QL75_UY71_CR3,0,48,71_.jpg",Vaastav: The Reality,8.0,Mahesh Manjrekar
154,"https://m.media-amazon.com/images/M/MV5BOTgxNDk4YjgtMjE3OC00MWE0LTgyZWYtM2I1ZTQwYjk4NDYyXkEyXkFqcGdeQXVyODE5NzE3OTE@._V1_QL75_UX48_CR0,2,48,71_.jpg",Padosan,8.1,Jyoti Swaroop
155,"https://m.media-amazon.com/images/M/MV5BMWU2ZDE2YTctZTA2Yi00YmQyLWI4MTctNDFiZTkwZjFkYzM5XkEyXkFqcGdeQXVyMTY1MzAyNjU4._V1_QL75_UY71_CR1,0,48,71_.jpg",Aadukalam,8.1,Vetrimaaran
156,"https://m.media-amazon.com/images/M/MV5BZDNlNzBjMGUtYTA0Yy00OTI2LWJmZjMtODliYmUyYTI0OGFmXkEyXkFqcGdeQXVyODIwMDI1NjM@._V1_QL75_UX48_CR0,0,48,71_.jpg",K.G.F: Chapter 1,8.2,Prashanth Neel
157,"https://m.media-amazon.com/images/M/MV5BZTNjNDM5NWItMzEzYi00MzU2LTkyNWMtY2NmZTBmN2ZhNTUzXkEyXkFqcGdeQXVyMTEzNzg0Mjkx._V1_QL75_UY71_CR2,0,48,71_.jpg",Naduvula Konjam Pakkatha Kaanom,8.2,Balaji Tharaneetharan
158,"https://m.media-amazon.com/images/M/MV5BODZiODQyZjgtNTdiZC00OTFhLTkwODktMjFmODJlZjk5MzYzXkEyXkFqcGdeQXVyMTQwMTI5NzM2._V1_QL75_UY71_CR5,0,48,71_.jpg",Sirf Ek Bandaa Kaafi Hai,8.0,Apoorv Singh Karki
159,"https://m.media-amazon.com/images/M/MV5BMTQwMjFmMDItYzdjNC00NzFkLTg2MzctYzQ3ZmI0MWVlMDMwXkEyXkFqcGdeQXVyODE5NzE3OTE@._V1_QL75_UY71_CR1,0,48,71_.jpg",Company,8.0,Ram Gopal Varma
160,"https://m.media-amazon.com/images/M/MV5BMTU2NTYyOTA3NV5BMl5BanBnXkFtZTcwMDMyNjEzMQ@@._V1_QL75_UY71_CR1,0,48,71_.jpg",Deewaar,8.0,Yash Chopra
161,"https://m.media-amazon.com/images/M/MV5BODY5OTJiNGUtNzgyMy00ZTQ5LWIyYzctMWQ0ZGM4ZjRiM2E0XkEyXkFqcGdeQXVyODIwMDI1NjM@._V1_QL75_UX48_CR0,0,48,71_.jpg",Maanagaram,8.1,Lokesh Kanagaraj
162,"https://m.media-amazon.com/images/M/MV5BMDU4MDQ3YWItY2ViMy00NTM5LTg0NjQtMWIxN2ExZmU0ZTE0XkEyXkFqcGdeQXVyMjMyNjkwMTY@._V1_QL75_UY71_CR3,0,48,71_.jpg",Athadu,8.2,Trivikram Srinivas
163,"https://m.media-amazon.com/images/M/MV5BY2VmMjlhYjgtYWY4ZS00MjYwLTg1ZTctZjA3MTMzMjJhNzA2XkEyXkFqcGdeQXVyNjE1OTQ0NjA@._V1_QL75_UY71_CR1,0,48,71_.jpg",Ugly,7.9,Anurag Kashyap
164,"https://m.media-amazon.com/images/M/MV5BNDczNWU0MmUtYWM5MC00Mjg5LWI2MjEtZDAxMzViNzU5YWI5XkEyXkFqcGdeQXVyMTI1NDEyNTM5._V1_QL75_UY71_CR5,0,48,71_.jpg",Maanaadu,8.2,Venkat Prabhu
165,"https://m.media-amazon.com/images/M/MV5BOTdhMWQ5YTYtNTNkMy00NGIzLWE2NjItYjhkYjQwMjljMDU1XkEyXkFqcGdeQXVyMjkxNzQ1NDI@._V1_QL75_UY71_CR1,0,48,71_.jpg",Nayattu,8.1,Martin Prakkat
166,"https://m.media-amazon.com/images/M/MV5BNjZlMDdmN2YtYThmZi00NGQzLTk0ZTQtNTUyZDFmODExOGNiXkEyXkFqcGdeQXVyODE5NzE3OTE@._V1_QL75_UY71_CR1,0,48,71_.jpg",Badhaai Ho,7.9,Amit Ravindernath Sharma
167,"https://m.media-amazon.com/images/M/MV5BM2E2ODFhYjgtN2QzYy00ZjlkLTgzZjgtNDkwODA2YWEwMDc3XkEyXkFqcGdeQXVyMTU0MDA4MDkz._V1_QL75_UY71_CR1,0,48,71_.jpg",Saptha Sagaradaache Ello - Side A,8.2,Hemanth M. Rao
168,"https://m.media-amazon.com/images/M/MV5BYmNjMTE0ZjctYTc5MS00M2NmLThmNmItYmFlYWY1MmYzZWE4XkEyXkFqcGdeQXVyNDUyMzYyNDc@._V1_QL75_UY71_CR2,0,48,71_.jpg",Evaru,8.1,Venkat Ramji
169,"https://m.media-amazon.com/images/M/MV5BZTU0NjRjN2EtYzc0Yy00ZDk2LThiZjEtNDg5NGEzMDRhMzJhXkEyXkFqcGdeQXVyNTM2NTg3Nzg@._V1_QL75_UX48_CR0,1,48,71_.jpg",Kshanam,8.2,Ravikanth Perepu
170,"https://m.media-amazon.com/images/M/MV5BZDkzMTQ1YTMtMWY4Ny00MzExLTkzYzEtNzZhOTczNzU2NTU1XkEyXkFqcGdeQXVyODY3NjMyMDU@._V1_QL75_UY71_CR3,0,48,71_.jpg",Gully Boy,7.9,Zoya Akhtar
171,"https://m.media-amazon.com/images/M/MV5BYTZmYmI3OWEtNTIwOC00ODcwLWIwMGMtMWYwZWI3YzQ3NDJjXkEyXkFqcGdeQXVyMjkxNzQ1NDI@._V1_QL75_UX48_CR0,0,48,71_.jpg",Ayyappanum Koshiyum,8.0,Sachy
172,"https://m.media-amazon.com/images/M/MV5BMzVmODczNmUtNWQzNy00ODVlLThjNWEtNWJkMmY4NWRkNzFkXkEyXkFqcGdeQXVyODE5NzE3OTE@._V1_QL75_UY71_CR3,0,48,71_.jpg",22 Shey Shraban,8.1,Srijit Mukherji
173,"https://m.media-amazon.com/images/M/MV5BNWY1OGE0YzktMjFjOC00NWVhLTkxZmItOGZhMzk2YzM4MWZmXkEyXkFqcGdeQXVyMTc5NTY1ODA1._V1_QL75_UY71_CR3,0,48,71_.jpg",Kantara,8.2,Rishab Shetty
174,"https://m.media-amazon.com/images/M/MV5BMTc3ODUxODg3MV5BMl5BanBnXkFtZTgwMDc0MDY4MTE@._V1_QL75_UX48_CR0,0,48,71_.jpg",Ulidavaru Kandanthe,8.4,Rakshit Shetty
175,"https://m.media-amazon.com/images/M/MV5BMmZhMzVlNzEtMjQ3ZS00ZGJlLTk4N2YtMDIyNDNmZThhMGVmXkEyXkFqcGdeQXVyMzIyNDI4NjU@._V1_QL75_UY71_CR1,0,48,71_.jpg",Charlie,8.0,Martin Prakkat
176,"https://m.media-amazon.com/images/M/MV5BMTU5Njc1NjkxMl5BMl5BanBnXkFtZTgwNTkzNTQwMDE@._V1_QL75_UY71_CR1,0,48,71_.jpg",Ship of Theseus,8.0,Anand Gandhi
177,"https://m.media-amazon.com/images/M/MV5BYmIzYmY4MGItM2I4YS00OWZhLWFmMzQtYzI2MWY1MmM3NGU1XkEyXkFqcGdeQXVyNjQ2MjQ5NzM@._V1_QL75_UY71_CR1,0,48,71_.jpg",Jab We Met,7.9,Imtiaz Ali
178,"https://m.media-amazon.com/images/M/MV5BYzUwM2M0NGYtMDVkZS00OWIyLWIzYmYtZGU1MmU4MWM0ZjU2XkEyXkFqcGdeQXVyODE0NjUxNzY@._V1_QL75_UY71_CR1,0,48,71_.jpg",Thondi Muthalum Driksakshiyum,8.1,Dileesh Pothan
179,"https://m.media-amazon.com/images/M/MV5BYWY2ZDQ0MjUtMjg0Yy00MjAxLWE5MWQtYzhjZjFjOTc1OGQ3XkEyXkFqcGdeQXVyMTEzNzg0Mjkx._V1_QL75_UY71_CR9,0,48,71_.jpg",Deiva Thirumagal,8.2,A.L. Vijay
180,"https://m.media-amazon.com/images/M/MV5BMDg3ZjUxMDMtNmM2OC00MzNlLWEyMTgtMTI1Njk0OTdkMjZkXkEyXkFqcGdeQXVyNTI0NzYwMzE@._V1_QL75_UX48_CR0,7,48,71_.jpg",Pranchiyettan and the Saint,8.3,Ranjith
181,"https://m.media-amazon.com/images/M/MV5BMTUyMTA4NDYzMV5BMl5BanBnXkFtZTcwMjk5MzcxMw@@._V1_QL75_UX48_CR0,0,48,71_.jpg",My Name Is Khan,7.9,Karan Johar
182,"https://m.media-amazon.com/images/M/MV5BNWYwYmExOWQtYzNkOS00NWY5LWE4NTEtYTcwY2FiYmQ0OTg5XkEyXkFqcGdeQXVyODE5NzE3OTE@._V1_QL75_UY71_CR3,0,48,71_.jpg",Border,7.9,J.P. Dutta
183,"https://m.media-amazon.com/images/M/MV5BNjY4ZjgzNGMtZjg2OC00ODM2LTlmMzktNWNiNTNiYjQzOThiXkEyXkFqcGdeQXVyMjkxNzQ1NDI@._V1_QL75_UY71_CR1,0,48,71_.jpg",Take Off,8.1,Mahesh Narayanan
184,"https://m.media-amazon.com/images/M/MV5BYjU1NjczNzYtYmFjOC00NzkxLTg4YTUtNGYzMTk3NTU0ZDE3XkEyXkFqcGdeQXVyNDUzOTQ5MjY@._V1_QL75_UY71_CR1,0,48,71_.jpg",Dev.D,7.9,Anurag Kashyap
185,"https://m.media-amazon.com/images/M/MV5BZmE3YmY0NGEtNDIyNy00ZDE5LTk2ZDYtMGFmMDNiZTcwNDg1XkEyXkFqcGdeQXVyMTEzNzg0Mjkx._V1_QL75_UY71_CR1,0,48,71_.jpg",Gargi,8.1,Gautham Ramachandran
186,"https://m.media-amazon.com/images/M/MV5BYjQ2YmFmNDgtMzBkNC00ZmVmLTkyNTEtMzFkMmEyMjJhZDdhXkEyXkFqcGdeQXVyMzQ5Njc3NzU@._V1_QL75_UY71_CR1,0,48,71_.jpg",The Brawler,8.0,Anurag Kashyap
187,"https://m.media-amazon.com/images/M/MV5BMGY5M2MxZjYtMWUwNi00N2RlLTk4NWQtMTY3YjI2ZjAwYjQ5XkEyXkFqcGdeQXVyODk4NTI4NDA@._V1_QL75_UY71_CR5,0,48,71_.jpg",Garuda Gamana Vrishabha Vahana,8.3,Raj B. Shetty
188,"https://m.media-amazon.com/images/M/MV5BODdlZTZlZTktNTYyZC00ODQ1LWE5MjYtYjc1YTQwODRlNzI5XkEyXkFqcGdeQXVyODE5NzE3OTE@._V1_QL75_UY71_CR1,0,48,71_.jpg",Manjhi: The Mountain Man,8.0,Ketan Mehta
189,"https://m.media-amazon.com/images/M/MV5BZjAzZjZiMmQtMDZmOC00NjVmLTkyNTItOGI2Mzg4NTBhZTA1XkEyXkFqcGdeQXVyODE5NzE3OTE@._V1_QL75_UY71_CR1,0,48,71_.jpg",M.S. Dhoni: The Untold Story,8.0,Mathur Goswami
190,"https://m.media-amazon.com/images/M/MV5BYmVjNDIxODAtNWZiZi00ZDBlLWJmOTUtNDNjMGExNTViMzE1XkEyXkFqcGdeQXVyNTE0MDc0NTM@._V1_QL75_UX48_CR0,1,48,71_.jpg",Kal Ho Naa Ho,7.9,Nikkhil Advani
191,"https://m.media-amazon.com/images/M/MV5BNmFmMTJiZGMtYWRjMC00ZDljLWJkZGUtYmRmMGJlYmI5MTI3XkEyXkFqcGdeQXVyNjQ3ODkxMjE@._V1_QL75_UX48_CR0,0,48,71_.jpg",Vedam,8.1,Radha Krishna Jagarlamudi
192,"https://m.media-amazon.com/images/M/MV5BY2U5ZjQ2MGMtNDI5ZS00NzJjLTg5YTAtMTVhYWQ4MGE4NmQxXkEyXkFqcGdeQXVyMTY1MzAyNjU4._V1_QL75_UY71_CR2,0,48,71_.jpg",Por Thozhil,8.0,Vignesh Raja
193,"https://m.media-amazon.com/images/M/MV5BMWFlMjRhZmUtNzBjNC00NTdjLTlkNjItNWZmODdhODg4ZTlhXkEyXkFqcGdeQXVyMTMxMTY0OTQ@._V1_QL75_UX48_CR0,0,48,71_.jpg",Salaam Bombay!,7.9,Mira Nair
194,"https://m.media-amazon.com/images/M/MV5BYTM0ZGM5ODAtMjEyNi00ZGUzLWFiOTUtOGRmYzNjNDkzOGI3XkEyXkFqcGdeQXVyMTEzNzg0Mjkx._V1_QL75_UY71_CR2,0,48,71_.jpg",Vinnaithaandi Varuvaayaa,8.1,Gautham Vasudev Menon
195,"https://m.media-amazon.com/images/M/MV5BZGM2MWVlMDQtMmE4My00ODJlLTg5NmItYTY0MzUwODc3MGViXkEyXkFqcGdeQXVyMTEzNzg0Mjkx._V1_QL75_UY71_CR8,0,48,71_.jpg",Pizza,7.9,Karthik Subbaraj
196,"https://m.media-amazon.com/images/M/MV5BN2E3MzY0ZDUtNmFlMS00NTQxLWExODEtYTY2NTM5ZDAxZjQwXkEyXkFqcGdeQXVyMTQxNzMzNDI@._V1_QL75_UY71_CR1,0,48,71_.jpg",The Music Room,7.9,Satyajit Ray
197,"https://m.media-amazon.com/images/M/MV5BODViYjQ0YTktMTM5NS00YTVkLWE5MmUtNGY1MzUwOGY0OTg2XkEyXkFqcGdeQXVyNjg5NzkxNTU@._V1_QL75_UY71_CR1,0,48,71_.jpg",Pad Man,7.9,R. Balki
198,"https://m.media-amazon.com/images/M/MV5BZTgxY2MxZGItY2Q4Ny00NTRlLTg2MWEtYTY3Y2ZiMzAxMGU4XkEyXkFqcGdeQXVyNTA2MzMwMjA@._V1_QL75_UY71_CR3,0,48,71_.jpg",Hridayam,8.1,Vineeth Sreenivasan
199,"https://m.media-amazon.com/images/M/MV5BYTU0ZWQyZjItNWZiMy00NTI4LTk5ZWYtMDMxNzljZGM0ZWI1XkEyXkFqcGdeQXVyODE0NjUxNzY@._V1_QL75_UY71_CR3,0,48,71_.jpg",Traffic,8.1,Rajesh Pillai
200,"https://m.media-amazon.com/images/M/MV5BY2E4NWQ4ZjEtNThlOC00NThjLThmZjgtMWU0MDgzMmYwOGU3XkEyXkFqcGdeQXVyODE5NzE3OTE@._V1_QL75_UY71_CR1,0,48,71_.jpg",Hindi Medium,7.8,Saket Chaudhary
201,"https://m.media-amazon.com/images/M/MV5BMjU4MDIyNjctMjRlNy00YmI0LThmNDAtNzhlZjgwMWJhOThiXkEyXkFqcGdeQXVyMzU0ODc1MTQ@._V1_QL75_UX48_CR0,2,48,71_.jpg",Kirik Party,8.2,Rishab Shetty
202,"https://m.media-amazon.com/images/M/MV5BNjgzNDE5YTItNjM1Yi00OTk1LTk5ZjItYzAwNjM1ZWE3MDBiXkEyXkFqcGdeQXVyNjQ1MDcxNzM@._V1_QL75_UY71_CR1,0,48,71_.jpg",K.G.F: Chapter 2,8.2,Prashanth Neel
203,"https://m.media-amazon.com/images/M/MV5BMzI2ZDJjYTYtNTI0MC00ZTY1LWJkNzYtMmU2OTk1MWJhYzQzXkEyXkFqcGdeQXVyMjkxNzQ1NDI@._V1_QL75_UX48_CR0,0,48,71_.jpg",Android Kunjappan Ver 5.25,8.0,Ratheesh Balakrishnan Poduval
204,"https://m.media-amazon.com/images/M/MV5BYzgwNDdjNGItYjRkOS00ZjZiLWI1YjktZjk4YzBjZmJlNTU0XkEyXkFqcGdeQXVyMTY1MzAyNjU4._V1_QL75_UY71_CR2,0,48,71_.jpg",Jigarthanda Double X,8.0,Karthik Subbaraj
205,"https://m.media-amazon.com/images/M/MV5BMTY4YjY3ZDgtYjVhZS00MWY4LTlkYmMtNGI4ZGY4YzhiZmIwXkEyXkFqcGdeQXVyODE5NzE3OTE@._V1_QL75_UY71_CR1,0,48,71_.jpg",Ankhon Dekhi,7.9,Rajat Kapoor
206,"https://m.media-amazon.com/images/M/MV5BZjk4YTZjNWQtZWY3OC00NDkzLTlkY2UtZjk0NDkyZWFkMmVkXkEyXkFqcGdeQXVyODE5NzE3OTE@._V1_QL75_UY71_CR2,0,48,71_.jpg",Major,8.1,Sashi Kiran Tikka
207,"https://m.media-amazon.com/images/M/MV5BMWQzM2Y0ZDQtYjA1MS00YmUzLWFiMGQtZTliZWM1MWRiNDZhXkEyXkFqcGdeQXVyNTE2MzU4OTA@._V1_QL75_UY71_CR12,0,48,71_.jpg",Super 30,7.9,Vikas Bahl
208,"https://m.media-amazon.com/images/M/MV5BNDE4MmU1YTktMzY1OS00NWQ4LWExZmYtZjI3MzJjNGIxZTcxXkEyXkFqcGdeQXVyNDUzOTQ5MjY@._V1_QL75_UY71_CR1,0,48,71_.jpg",Johnny Gaddaar,7.9,Sriram Raghavan
209,"https://m.media-amazon.com/images/M/MV5BMjQ5YWVmYmYtOWFiZC00NGMxLWEwODctZDM2MWI4YWViN2E5XkEyXkFqcGdeQXVyNjQ2MjQ5NzM@._V1_QL75_UY71_CR1,0,48,71_.jpg",English Vinglish,7.8,Gauri Shinde
210,"https://m.media-amazon.com/images/M/MV5BYTk3NTVhNjktYTg0OC00ODk1LWE4MjUtMDhkNTY3MTMyMTc0XkEyXkFqcGdeQXVyODE5NzE3OTE@._V1_QL75_UY71_CR1,0,48,71_.jpg",Dor,7.9,Nagesh Kukunoor
211,"https://m.media-amazon.com/images/M/MV5BODVmYzNmYzYtNTljZC00ODg3LWEzOTQtZjA5NmVhMTczOGE1XkEyXkFqcGdeQXVyMjkxNzQ1NDI@._V1_QL75_UY71_CR1,0,48,71_.jpg",Joseph,8.0,M. Padmakumar
212,"https://m.media-amazon.com/images/M/MV5BNjYxMWUwNGUtZmRmMy00MDZlLTgwNDMtODVlOGFjMTBlNGJkXkEyXkFqcGdeQXVyMjkxNzQ1NDI@._V1_QL75_UY71_CR1,0,48,71_.jpg",Anjaam Pathiraa,7.9,Midhun Manuel Thomas
213,"https://m.media-amazon.com/images/M/MV5BYzMxYzZjMDUtZjI3Ni00Y2M2LTllYWItNzJmZTJjMzkyYjlmXkEyXkFqcGdeQXVyODEzOTQwNTY@._V1_QL75_UX48_CR0,1,48,71_.jpg",Hey Ram,7.9,Kamal Haasan
214,"https://m.media-amazon.com/images/M/MV5BYWVlMjVhZWYtNWViNC00ODFkLTk1MmItYjU1MDY5ZDdhMTU3XkEyXkFqcGdeQXVyODIwMDI1NjM@._V1_QL75_UX48_CR0,0,48,71_.jpg",Baahubali: The Beginning,8.0,S.S. Rajamouli
215,"https://m.media-amazon.com/images/M/MV5BZGFmM2IzMjctMjg4Yy00OTgyLTk4Y2ItMWRhMmJjZWZjMzg4XkEyXkFqcGdeQXVyMTEzNzg0Mjkx._V1_QL75_UY71_CR7,0,48,71_.jpg",Karnan,8.0,Mari Selvaraj
216,"https://m.media-amazon.com/images/M/MV5BY2NlMWYyNjgtNTZmZC00MjkxLTk3NjEtMjc2ZWRhM2MyZjNiXkEyXkFqcGdeQXVyMjkxNzQ1NDI@._V1_QL75_UY71_CR3,0,48,71_.jpg",Memories,8.0,Jeethu Joseph
217,"https://m.media-amazon.com/images/M/MV5BOTg5NWMzZmYtZGRkOC00YmNhLTk4NDQtYzYyMjdjYWVmYjAwXkEyXkFqcGdeQXVyMTUwMDg3OTQy._V1_QL75_UY71_CR2,0,48,71_.jpg",Love Today,8.0,Pradeep Ranganathan
218,"https://m.media-amazon.com/images/M/MV5BYTdhNjBjZDctYTlkYy00ZGIxLWFjYTktODk5ZjNlMzI4NjI3XkEyXkFqcGdeQXVyMjY1MjkzMjE@._V1_QL75_UY71_CR1,0,48,71_.jpg",Baby,7.9,Neeraj Pandey
219,"https://m.media-amazon.com/images/M/MV5BNzJlOTYyMTAtZDRmZC00OTllLTgzNTUtYjFiOWYxMDQ1YTJiXkEyXkFqcGdeQXVyMTI1NDAzMzM0._V1_QL75_UY71_CR5,0,48,71_.jpg",Malik,8.0,Mahesh Narayanan
220,"https://m.media-amazon.com/images/M/MV5BNzJhOWIzZjUtYzhhOS00MjcwLTkxOGQtYTgwMWU0MzA3NDQ0XkEyXkFqcGc@._V1_QL75_UY71_CR1,0,48,71_.jpg",Lakshya,7.8,Farhan Akhtar
221,"https://m.media-amazon.com/images/M/MV5BODUxNjU0NDItY2FmZi00YWQzLWI4YjAtZjYyNWZhODc3ZTZhXkEyXkFqcGdeQXVyNjQ2MjQ5NzM@._V1_QL75_UY71_CR1,0,48,71_.jpg",Mera Naam Joker,7.9,Raj Kapoor
222,"https://m.media-amazon.com/images/M/MV5BMTUwMzc1NjIzMV5BMl5BanBnXkFtZTgwODUyMTIxMTE@._V1_QL75_UY71_CR0,0,48,71_.jpg",The Lunchbox,7.8,Ritesh Batra
223,"https://m.media-amazon.com/images/M/MV5BYjRjOWViZTgtYjA4Ny00MWJiLTkxYzktMzdlOGRmMWYwOTdjXkEyXkFqcGdeQXVyNDUzOTQ5MjY@._V1_QL75_UY71_CR3,0,48,71_.jpg",Gangaajal,7.8,Prakash Jha
224,"https://m.media-amazon.com/images/M/MV5BY2Y4ZDhmM2UtMWY0ZS00ODFmLTk2N2YtMDM1ZmQzYWI4ZDQ3XkEyXkFqcGc@._V1_QL75_UX48_CR0,2,48,71_.jpg",Arjun Reddy,7.9,Sandeep Reddy Vanga
225,"https://m.media-amazon.com/images/M/MV5BOWY1Nzc4NDItN2ZjMC00NDY3LTkyMjctZDk5N2ZkYTQ2OGMxXkEyXkFqcGdeQXVyODEzOTQwNTY@._V1_QL75_UY71_CR4,0,48,71_.jpg",Vettaiyaadu Vilaiyaadu,7.9,Gautham Vasudev Menon
226,"https://m.media-amazon.com/images/M/MV5BODI1MWIxNDgtNGQ2ZC00ZWU2LTliNWEtNWM4YTI1MWYzODA0XkEyXkFqcGdeQXVyOTk3NTc2MzE@._V1_QL75_UY71_CR1,0,48,71_.jpg",Kaakha Kaakha,8.0,Gautham Vasudev Menon
227,"https://m.media-amazon.com/images/M/MV5BNjUzYzYzMTQtMmU2Yy00YjEzLWEyMDgtNTlkOTAyNzE4ZWQ4XkEyXkFqcGdeQXVyMTUzNTgzNzM0._V1_QL75_UY71_CR5,0,48,71_.jpg",The Goat Life,8.0,Blessy
228,"https://m.media-amazon.com/images/M/MV5BN2IzMTAyMGEtZmU5Zi00YmY1LWIyOWUtZjMxMzI3ODIzZDY0XkEyXkFqcGdeQXVyMTgwNzQ2NDM2._V1_QL75_UY71_CR1,0,48,71_.jpg",Ab Tak Chhappan,7.8,Shimit Amin
229,"https://m.media-amazon.com/images/M/MV5BMGE1ZTkyOTMtMTdiZS00YzI2LTlmYWQtOTE5YWY0NWVlNjlmXkEyXkFqcGdeQXVyNjQ3ODkxMjE@._V1_QL75_UY71_CR1,0,48,71_.jpg",Airlift,7.9,Raja Menon
230,"https://m.media-amazon.com/images/M/MV5BMWVjZDIwN2EtNjVhZC00MmMxLTkzYmEtZTFhNzdkYzg0YmZkXkEyXkFqcGdeQXVyNTUzMTc1NjE@._V1_QL75_UX48_CR0,2,48,71_.jpg",Oopiri,8.0,Vamshi Paidipally
231,"https://m.media-amazon.com/images/M/MV5BODhhMGRkNTktYTlmNC00NTc5LTliYTItMTk1ZWMyM2RiZmI5XkEyXkFqcGdeQXVyMTYzMTU3Njgx._V1_QL75_UY71_CR5,0,48,71_.jpg",Maidaan,8.0,Amit Ravindernath Sharma
232,"https://m.media-amazon.com/images/M/MV5BNDU2MzNkMjUtOTE1Ny00NWY5LWFkNTEtNTMxYTAwYTc5NjllXkEyXkFqcGdeQXVyMjkxNzQ1NDI@._V1_QL75_UY71_CR1,0,48,71_.jpg",Mumbai Police,7.9,Rosshan Andrrews
233,"https://m.media-amazon.com/images/M/MV5BYjg5OTc1ODItYTM1NS00ZDk1LWI3YzQtNzE4NDg5YTEwZWE4XkEyXkFqcGdeQXVyMTY0MDk0NjE3._V1_QL75_UY71_CR1,0,48,71_.jpg",Unnaipol Oruvan,8.0,Chakri Toleti
234,"https://m.media-amazon.com/images/M/MV5BOWNkMWQ3MDEtYjQ3Zi00Y2NhLWE1NzYtZGJkM2NlYWY3OWFmXkEyXkFqcGdeQXVyNDY5MTUyNjU@._V1_QL75_UX48_CR0,0,48,71_.jpg",Pokiri,8.0,Puri Jagannadh
235,"https://m.media-amazon.com/images/M/MV5BYmNmNzBjYTQtYzU1YS00NmMyLWJkNDUtNGY0NmI0OTQzMTM2XkEyXkFqcGdeQXVyMTEzNzg0Mjkx._V1_QL75_UY71_CR3,0,48,71_.jpg",Thuppakki,8.1,A.R. Murugadoss
236,"https://m.media-amazon.com/images/M/MV5BZWVlMzlmOWItYTgwMi00MjExLTgwNDItNWI4YzY2MTgzMWJlXkEyXkFqcGdeQXVyODE5NzE3OTE@._V1_QL75_UY71_CR1,0,48,71_.jpg",Stanley Ka Dabba,7.8,Amole Gupte
237,"https://m.media-amazon.com/images/M/MV5BZGQ1MDU4NzUtYjlhMi00ODBmLWFlMzYtYTM4MjViOTIzOTdmXkEyXkFqcGdeQXVyODA2ODM3NDQ@._V1_QL75_UY71_CR1,0,48,71_.jpg",Leader,8.0,Sekhar Kammula
238,"https://m.media-amazon.com/images/M/MV5BMGIxZGVlMzEtYjZlZS00NGRkLWEwMjUtNGEwOGUwY2ViZTA2XkEyXkFqcGdeQXVyNjY1NTEzNjE@._V1_QL75_UY71_CR1,0,48,71_.jpg",Nayak: The Real Hero,7.8,S. Shankar
239,"https://m.media-amazon.com/images/M/MV5BY2VlOTc4ZjctYjVlMS00NDYwLWEwZjctZmYzZmVkNGU5NjNjXkEyXkFqcGdeQXVyODE5NzE3OTE@._V1_QL75_UY71_CR2,0,48,71_.jpg",Veer-Zaara,7.8,Yash Chopra
240,"https://m.media-amazon.com/images/M/MV5BYzk3NWM2MmItZGU5NS00MGEwLWIzYzMtMDkyZDQ1NTc2MTAxXkEyXkFqcGdeQXVyNjE1OTQ0NjA@._V1_QL75_UX48_CR0,0,48,71_.jpg",The Tashkent Files,8.1,Vivek Agnihotri
241,"https://m.media-amazon.com/images/M/MV5BOGQ1YjQ1MWMtYjU3YS00N2U2LTg4MmMtMTNlNWJhYmRkM2YwXkEyXkFqcGdeQXVyODMyODMxNDY@._V1_QL75_UY71_CR3,0,48,71_.jpg",Okkadu,8.0,Gunasekhar
242,"https://m.media-amazon.com/images/M/MV5BYjlmMDUzMzQtYzY4OC00NGYwLWI1MmItMGIyYTk0NDFlMWZmXkEyXkFqcGdeQXVyOTk3NTc2MzE@._V1_QL75_UY71_CR2,0,48,71_.jpg",Manam,8.0,Vikram K. Kumar
243,"https://m.media-amazon.com/images/M/MV5BYWNlODE1ZTEtOTQ5MS00N2QwLTllNjItZDQ2Y2UzMmU5YmI2XkEyXkFqcGdeQXVyODE5NzE3OTE@._V1_QL75_UY71_CR3,0,48,71_.jpg",Vicky Donor,7.7,Shoojit Sircar
244,"https://m.media-amazon.com/images/M/MV5BZmQ3NDc1NGYtMTkzOC00MTUzLTgyNjYtZDM2MmU3M2M2M2Y1XkEyXkFqcGdeQXVyMjkxNzQ1NDI@._V1_QL75_UY71_CR1,0,48,71_.jpg",Angamaly Diaries,7.9,Lijo Jose Pellissery
245,"https://m.media-amazon.com/images/M/MV5BZTdhMmJjYjMtMjZmOC00NjhkLWE3MjQtODAzNDI4NmM5OTA5XkEyXkFqcGdeQXVyODAzNzAwOTU@._V1_QL75_UX48_CR0,0,48,71_.jpg",Mr. India,7.7,Shekhar Kapur
246,"https://m.media-amazon.com/images/M/MV5BYjkwOTM5OWUtYTQyZC00NmE1LWIyMDEtYzRjNjMzMjM5NjU4XkEyXkFqcGdeQXVyNjQ2MjQ5NzM@._V1_QL75_UX48_CR0,0,48,71_.jpg",Hazaaron Khwaishein Aisi,7.9,Sudhir Mishra
247,"https://m.media-amazon.com/images/M/MV5BMTFiODU5NjEtOTNjMy00MzUzLWEzYTMtZGU0NTdmYjkwNTM4XkEyXkFqcGc@._V1_QL75_UY71_CR1,0,48,71_.jpg",Ghilli,8.1,Dharani
248,"https://m.media-amazon.com/images/M/MV5BNWJjMzg3MDctMzEyZS00ZGU4LWI0MzgtMDY3NTViZjNjMGU4XkEyXkFqcGdeQXVyMjkxNzQ1NDI@._V1_QL75_UY71_CR1,0,48,71_.jpg",Mukundan Unni Associates,7.9,Abhinav Sunder Nayak
249,"https://m.media-amazon.com/images/M/MV5BY2U4NmIzYzgtNmU1OS00ODgyLTg1ZDktZGIwZTU0NTA4ZDJjXkEyXkFqcGdeQXVyNjc3MjQzNTI@._V1_QL75_UX48_CR0,0,48,71_.jpg",Happy Days,7.9,Sekhar Kammula
